Open,High,Low,Close,Volume,Open Time,Close Time,Crypto
118565.82093864528,118603.92157792966,116112.82911807846,116112.82911807846,656850814610.079,2025-07-31 00:00:00,2025-08-01 00:00:00,BTC
115744.99154744405,115881.73853569946,113069.93493509205,113069.93493509205,1387453947132.6726,2025-08-01 00:00:00,2025-08-02 00:00:00,BTC
113252.12450393297,113967.9839859553,112296.37899409614,112869.39781442507,1151860413754.4553,2025-08-02 00:00:00,2025-08-03 00:00:00,BTC
112572.12800035469,114398.33529134598,112572.12800035469,114319.43799119137,742820591761.7191,2025-08-03 00:00:00,2025-08-04 00:00:00,BTC
114235.10224673641,115347.8424712757,114235.10224673641,115291.2159130596,642583652871.9662,2025-08-04 00:00:00,2025-08-05 00:00:00,BTC
115030.80970246221,115030.80970246221,112866.55339857315,113954.92219768552,833003246018.2799,2025-08-05 00:00:00,2025-08-06 00:00:00,BTC
114097.76452778364,115562.50422275848,113469.76685342751,115132.54695069448,831092510490.5695,2025-08-06 00:00:00,2025-08-07 00:00:00,BTC
115013.39140866173,117596.49139855335,114334.98210264335,117596.49139855335,809099305378.1599,2025-08-07 00:00:00,2025-08-08 00:00:00,BTC
117466.18082017908,117466.18082017908,116170.27552758016,116895.02084894278,907719663214.4974,2025-08-08 00:00:00,2025-08-09 00:00:00,BTC
116686.72473635004,117533.0938367717,116397.67926922366,116566.51461542826,706038396723.81,2025-08-09 00:00:00,2025-08-10 00:00:00,BTC
116500.75461167548,119034.73953042638,116500.75461167548,119034.73953042638,787481783835.268,2025-08-10 00:00:00,2025-08-11 00:00:00,BTC
119248.44827754395,122227.46933490643,118589.49279908501,118817.45636188111,1230628782569.645,2025-08-11 00:00:00,2025-08-12 00:00:00,BTC
118726.76097608739,120016.48317663175,118378.15935892852,119999.15738034059,1187360206097.0251,2025-08-12 00:00:00,2025-08-13 00:00:00,BTC
120106.09706605313,123066.19096595528,119019.98754398024,123066.19096595528,1216444109816.1882,2025-08-13 00:00:00,2025-08-14 00:00:00,BTC
123419.33444694606,123782.08008719778,117846.8293927414,118327.47253939268,1759637226860.5,2025-08-14 00:00:00,2025-08-15 00:00:00,BTC
118387.76940297017,119160.51538435975,117000.41118669232,117805.21195916239,1401488472163.5317,2025-08-15 00:00:00,2025-08-16 00:00:00,BTC
117396.51852350791,117954.97333880374,117396.51852350791,117484.75585417039,851872155797.6309,2025-08-16 00:00:00,2025-08-17 00:00:00,BTC
117397.54362420287,118451.62072881311,117369.57653063927,118004.76868885547,494773637587.7205,2025-08-17 00:00:00,2025-08-18 00:00:00,BTC
117519.35606632655,117519.35606632655,114995.26995245655,116445.12054707026,863100591426.3575,2025-08-18 00:00:00,2025-08-19 00:00:00,BTC
116315.1187900144,116578.69611080748,112832.75554814276,113170.10811534988,974639028290.704,2025-08-19 00:00:00,2025-08-20 00:00:00,BTC
112896.32534645073,114590.45445269886,112721.52528522459,114590.45445269886,1073522596491.1019,2025-08-20 00:00:00,2025-08-21 00:00:00,BTC
114250.43172587751,114723.4072135875,112023.06158201321,112468.84756023913,872905465907.5853,2025-08-21 00:00:00,2025-08-22 00:00:00,BTC
112414.39987336512,117016.4148378404,112288.33375620782,116690.82991354102,924224675974.8562,2025-08-22 00:00:00,2025-08-23 00:00:00,BTC
116897.54178212964,116897.54178212964,114686.33732965987,115280.20647376521,1062599571979.5858,2025-08-23 00:00:00,2025-08-24 00:00:00,BTC
115359.98346714744,115431.1805844341,112217.2548926291,113414.74875838551,659448725517.8729,2025-08-24 00:00:00,2025-08-25 00:00:00,BTC
113399.54847314971,113415.23674884671,109690.83734151356,110239.01953202092,1191695815339.8723,2025-08-25 00:00:00,2025-08-26 00:00:00,BTC
110185.35443900425,111889.77042079122,109214.15345032258,111889.77042079122,1292236634694.22,2025-08-26 00:00:00,2025-08-27 00:00:00,BTC
111842.70999260596,112370.95333819998,110692.47419258242,111438.43391304565,924709622726.9402,2025-08-27 00:00:00,2025-08-28 00:00:00,BTC
111241.29264807492,113220.30581858233,111241.29264807492,112406.3705221515,887134955149.2811,2025-08-28 00:00:00,2025-08-29 00:00:00,BTC
112512.68098276858,112512.68098276858,107696.08632642716,108268.4161096884,992898868319.27,2025-08-29 00:00:00,2025-08-30 00:00:00,BTC
108335.63315175903,108853.56250612278,107689.75218525807,108541.98755698749,1054690882938.5476,2025-08-30 00:00:00,2025-08-31 00:00:00,BTC
108781.95727925687,109453.20512620649,108323.515018761,108867.78018188462,582502876109.1641,2025-08-31 00:00:00,2025-09-01 00:00:00,BTC
108253.36092385623,109681.77674236635,107414.44225002972,108482.11328514619,831130113454.4658,2025-09-01 00:00:00,2025-09-02 00:00:00,BTC
109229.01454657852,111395.0416549949,108798.9523326062,111215.73957482145,1094905721056.4276,2025-09-02 00:00:00,2025-09-03 00:00:00,BTC
111190.18209845416,112380.36963798928,110690.27811220792,111953.69701327455,1066642170443.0848,2025-09-03 00:00:00,2025-09-04 00:00:00,BTC
111751.64761020488,112072.79984901128,109497.72346906656,111490.51479289168,858015372453.765,2025-09-04 00:00:00,2025-09-05 00:00:00,BTC
110752.04142516552,113225.00021261438,110514.16200241748,110813.80860700153,1125802829101.331,2025-09-05 00:00:00,2025-09-06 00:00:00,BTC
110656.308978032,111103.49983851465,110054.77331373848,110175.25026599839,954787450611.981,2025-09-06 00:00:00,2025-09-07 00:00:00,BTC
110223.83395870344,111347.47926907448,110223.83395870344,111271.50729228156,504449422635.44824,2025-09-07 00:00:00,2025-09-08 00:00:00,BTC
111133.09269636446,112601.63757963854,110836.31395611238,112223.03656606357,709000773223.896,2025-09-08 00:00:00,2025-09-09 00:00:00,BTC
112025.12878118771,113112.94201935548,110870.22649131795,111518.10122362581,991378908789.6874,2025-09-09 00:00:00,2025-09-10 00:00:00,BTC
111521.54423183508,113935.59752053465,111023.09957073671,113935.59752053465,1142198904064.6262,2025-09-10 00:00:00,2025-09-11 00:00:00,BTC
114000.12092296442,115251.54504573994,113851.68539357337,115251.54504573994,1154531301932.8794,2025-09-11 00:00:00,2025-09-12 00:00:00,BTC
115503.16663193036,116704.71486571954,114944.79334030187,116094.98634284323,1165944181379.475,2025-09-12 00:00:00,2025-09-13 00:00:00,BTC
116160.14344594491,116299.90574103985,115342.81410658239,115914.67697398618,1009068995152.372,2025-09-13 00:00:00,2025-09-14 00:00:00,BTC
115974.8873939637,116143.86978301249,115264.81046966574,116031.2706523723,635301493778.9908,2025-09-14 00:00:00,2025-09-15 00:00:00,BTC
115278.55251586219,116552.24107354402,114696.00606119882,115299.78030175949,912687879374.8807,2025-09-15 00:00:00,2025-09-16 00:00:00,BTC
115356.68489564986,116882.78170087388,115019.09578002297,116872.96755173472,990709370205.644,2025-09-16 00:00:00,2025-09-17 00:00:00,BTC
116797.00205991932,117256.58549060355,115194.3078037463,116863.39240749434,1051677122907.5271,2025-09-17 00:00:00,2025-09-18 00:00:00,BTC
116455.94648225319,117851.18539205311,116381.22893627378,116948.58586157573,1346700641667.995,2025-09-18 00:00:00,2025-09-19 00:00:00,BTC
117169.11793707692,117447.66044572467,115157.37841901269,115650.54025838921,903206461387.4055,2025-09-19 00:00:00,2025-09-20 00:00:00,BTC
115656.94582205842,116083.2407924125,115489.18449916203,115818.25379015566,639116354786.3983,2025-09-20 00:00:00,2025-09-21 00:00:00,BTC
115722.89635080755,115849.67417839603,115369.30506735465,115584.69105357188,454676969952.20233,2025-09-21 00:00:00,2025-09-22 00:00:00,BTC
115255.84820116173,115255.84820116173,112176.15576810564,112696.45087669161,1132489521294.7534,2025-09-22 00:00:00,2025-09-23 00:00:00,BTC
112692.49699542265,113153.92698775811,111658.22948842609,112176.36741538407,1277731525038.7563,2025-09-23 00:00:00,2025-09-24 00:00:00,BTC
112002.46136592985,113874.18696407137,111715.17494390001,113360.01913291797,1138228649304.3774,2025-09-24 00:00:00,2025-09-25 00:00:00,BTC
113317.1626894919,113317.1626894919,109003.34295214499,109339.13076690925,1339580447580.8484,2025-09-25 00:00:00,2025-09-26 00:00:00,BTC
108963.53013595635,109855.69777420572,108963.53013595635,109611.1798647101,1659650528910.255,2025-09-26 00:00:00,2025-09-27 00:00:00,BTC
109710.20874667744,109710.20874667744,109303.9057184713,109617.54727774093,943713078900.5969,2025-09-27 00:00:00,2025-09-28 00:00:00,BTC
109675.14319507511,111969.62645083838,109340.75887763893,111969.62645083838,546410125996.53937,2025-09-28 00:00:00,2025-09-29 00:00:00,BTC
112142.57362752674,114335.55581555494,111656.03621546281,114199.64361291657,1117805318786.7854,2025-09-29 00:00:00,2025-09-30 00:00:00,BTC
114309.15041119447,114618.57914948085,112843.61303366242,113941.29371405822,1404219737782.7048,2025-09-30 00:00:00,2025-10-01 00:00:00,BTC
114024.22783550054,117890.1276507497,114024.22783550054,117890.1276507497,1483938024687.2195,2025-10-01 00:00:00,2025-10-02 00:00:00,BTC
118503.24451752483,120806.93107659295,118386.89339564343,120165.1470230456,1699977008616.534,2025-10-02 00:00:00,2025-10-03 00:00:00,BTC
120514.57785586915,122985.9623505026,119735.66557820702,122537.99384944742,1744391152994.4854,2025-10-03 00:00:00,2025-10-04 00:00:00,BTC
122294.92441742845,122646.32935293744,121583.68696992841,122317.15720363855,1588268615189.8313,2025-10-04 00:00:00,2025-10-05 00:00:00,BTC
122428.89063350529,125360.89741769346,122199.16741250416,123160.19781642949,1395438647490.1196,2025-10-05 00:00:00,2025-10-06 00:00:00,BTC
123506.18520027678,126079.88702928118,123377.11931871786,125071.79779861,1507067815204.825,2025-10-06 00:00:00,2025-10-07 00:00:00,BTC
124773.50823074432,125020.94913156852,120928.14693401169,121986.64658513198,1682674412127.4287,2025-10-07 00:00:00,2025-10-08 00:00:00,BTC
121518.75593575071,123966.00923012884,121275.38370398917,123282.52156046173,1793572492474.5308,2025-10-08 00:00:00,2025-10-09 00:00:00,BTC
123352.50487523204,123475.01328209444,120322.04794974093,121740.81237186604,1503000276647.8997,2025-10-09 00:00:00,2025-10-10 00:00:00,BTC
121698.03066778315,121820.11241777765,113553.46205479014,113879.7376683253,1841505488864.3188,2025-10-10 00:00:00,2025-10-11 00:00:00,BTC
113043.67586321975,113306.38533153781,110389.75589111897,111134.29648271875,4231123036801.1987,2025-10-11 00:00:00,2025-10-12 00:00:00,BTC
110655.26975977031,115481.167676035,109883.28741022735,115481.167676035,2028695017220.5269,2025-10-12 00:00:00,2025-10-13 00:00:00,BTC
115189.5714637257,115933.90325039899,114004.90391225103,115638.30336881512,2144610688906.6365,2025-10-13 00:00:00,2025-10-14 00:00:00,BTC
115222.28302116522,115222.28302116522,110735.7337032851,113253.1113223007,1842933459524.31,2025-10-14 00:00:00,2025-10-15 00:00:00,BTC
113156.56943826913,113156.56943826913,110752.26596267126,110793.48679619528,1937867672535.3162,2025-10-15 00:00:00,2025-10-16 00:00:00,BTC
110708.66960879423,111693.47908038496,107808.50597374301,107985.60383108161,1738249954440.4094,2025-10-16 00:00:00,2025-10-17 00:00:00,BTC
108168.17353436728,109181.00611204734,104777.54392041727,107016.94179918483,2274556716651.3433,2025-10-17 00:00:00,2025-10-18 00:00:00,BTC
106443.61194984635,107210.23428047558,106443.61194984635,107147.81742888642,1601828115191.9075,2025-10-18 00:00:00,2025-10-19 00:00:00,BTC
107156.00337647724,109404.69898589609,106489.79430051908,108976.71889815509,844310038557.3469,2025-10-19 00:00:00,2025-10-20 00:00:00,BTC
108655.50525004533,111427.00607037144,107984.75530202611,110836.40846709388,1352052713244.9995,2025-10-20 00:00:00,2025-10-21 00:00:00,BTC
110608.5714932665,113348.64642768126,107603.55609132143,109054.76698417134,1694765105649.1174,2025-10-21 00:00:00,2025-10-22 00:00:00,BTC
108486.10262716639,108647.44801249019,107087.57222183463,107087.57222183463,2489468035094.8633,2025-10-22 00:00:00,2025-10-23 00:00:00,BTC
107591.46050939859,111200.25221791971,107591.46050939859,109976.56229518166,1719400160229.3218,2025-10-23 00:00:00,2025-10-24 00:00:00,BTC
110048.51827291629,111455.90523406792,109988.92412004159,110995.20314850457,1280186140429.4163,2025-10-24 00:00:00,2025-10-25 00:00:00,BTC
110997.80437129698,111820.39354605979,110742.40086612821,111688.03881568028,893452840908.0013,2025-10-25 00:00:00,2025-10-26 00:00:00,BTC
111620.3093731354,114722.01666031986,111319.18877311777,114722.01666031986,673787580416.3297,2025-10-26 00:00:00,2025-10-27 00:00:00,BTC
114476.01227508577,115957.34497996338,114083.62215827091,114083.62215827091,1391802178879.6177,2025-10-27 00:00:00,2025-10-28 00:00:00,BTC
114182.79442806762,115432.20899391148,112848.07396975305,113215.0370549014,1385740650520.1921,2025-10-28 00:00:00,2025-10-29 00:00:00,BTC
112950.34863259472,113559.64323800545,112442.13048264038,113306.71393161982,674317704218.0848,2025-10-29 00:00:00,,BTC
3862.746735194548,3862.746735194548,3710.0663631664465,3710.0663631664465,476671049255.4189,2025-07-31 00:00:00,2025-08-01 00:00:00,ETH
3696.6628530851194,3713.0151370332537,3463.211041724805,3463.211041724805,905865891713.1315,2025-08-01 00:00:00,2025-08-02 00:00:00,ETH
3490.126027261797,3532.413223233703,3380.723061341434,3415.1727392636453,841860084250.5433,2025-08-02 00:00:00,2025-08-03 00:00:00,ETH
3400.741514835749,3504.0964904344964,3400.741514835749,3504.0964904344964,598405714714.1284,2025-08-03 00:00:00,2025-08-04 00:00:00,ETH
3497.7884248520922,3730.3107463400283,3497.7884248520922,3730.3107463400283,519863077868.18823,2025-08-04 00:00:00,2025-08-05 00:00:00,ETH
3715.7090148550706,3715.7090148550706,3560.330481668972,3599.846423184819,700227405829.244,2025-08-05 00:00:00,2025-08-06 00:00:00,ETH
3611.964869972736,3683.791758752275,3575.691187845531,3680.691803389612,621410094257.3557,2025-08-06 00:00:00,2025-08-07 00:00:00,ETH
3684.0459195726726,3917.167012815971,3658.659435194068,3917.167012815971,602255685343.7611,2025-08-07 00:00:00,2025-08-08 00:00:00,ETH
3907.6010172319807,4056.9088873365745,3884.6407128317596,4027.2361515479383,874051083098.2203,2025-08-08 00:00:00,2025-08-09 00:00:00,ETH
4012.97697001236,4284.838916253817,4012.97697001236,4263.267795859384,880560943738.2288,2025-08-09 00:00:00,2025-08-10 00:00:00,ETH
4265.188124390236,4300.925681645424,4175.734323237676,4238.311728364265,842671603942.323,2025-08-10 00:00:00,2025-08-11 00:00:00,ETH
4250.615963435331,4329.349909108529,4180.411674325848,4227.12990164748,807773425362.684,2025-08-11 00:00:00,2025-08-12 00:00:00,ETH
4230.6276301156,4604.049066142797,4230.6276301156,4579.092108876254,1029765691247.1798,2025-08-12 00:00:00,2025-08-13 00:00:00,ETH
4595.036847181483,4764.059256437557,4578.337731576656,4764.059256437557,1397526942223.6094,2025-08-13 00:00:00,2025-08-14 00:00:00,ETH
4750.841644372325,4776.316297664901,4472.9478535800845,4536.993501403145,1499247840885.34,2025-08-14 00:00:00,2025-08-15 00:00:00,ETH
4560.320575406474,4652.2235757529015,4386.035919898839,4484.038379608297,1394457834185.369,2025-08-15 00:00:00,2025-08-16 00:00:00,ETH
4430.532465017841,4489.322103036408,4388.622203435841,4427.9779936676905,932759534231.2865,2025-08-16 00:00:00,2025-08-17 00:00:00,ETH
4423.427841805725,4563.720883287974,4411.989814369911,4530.179357292165,548736114142.3733,2025-08-17 00:00:00,2025-08-18 00:00:00,ETH
4485.033789094146,4485.033789094146,4253.453671625841,4344.315720750668,918770080075.8096,2025-08-18 00:00:00,2025-08-19 00:00:00,ETH
4317.2757573282315,4345.627728915809,4133.66525923688,4133.66525923688,934222621814.3037,2025-08-19 00:00:00,2025-08-20 00:00:00,ETH
4080.647740086776,4361.716783581947,4080.647740086776,4361.716783581947,1004115324289.4843,2025-08-20 00:00:00,2025-08-21 00:00:00,ETH
4335.095011843836,4335.095011843836,4219.881963694916,4249.305258031314,812360512417.0074,2025-08-21 00:00:00,2025-08-22 00:00:00,ETH
4224.438592580698,4850.149717926177,4224.438592580698,4806.585528447295,858281389702.2325,2025-08-22 00:00:00,2025-08-23 00:00:00,ETH
4829.225541798332,4829.225541798332,4695.156193510311,4781.222409255611,1318679991066.092,2025-08-23 00:00:00,2025-08-24 00:00:00,ETH
4773.884088598777,4926.089754676351,4738.395358438083,4777.997674218602,608749986283.1494,2025-08-24 00:00:00,2025-08-25 00:00:00,ETH
4778.10916071381,4778.10916071381,4369.918094317199,4392.896227429519,1113529818873.871,2025-08-25 00:00:00,2025-08-26 00:00:00,ETH
4381.626176071471,4596.292342916886,4342.268648804635,4595.629541989182,1179660114473.3347,2025-08-26 00:00:00,2025-08-27 00:00:00,ETH
4602.369685333965,4653.7854843367795,4520.77654133945,4525.379821678664,909168547948.6592,2025-08-27 00:00:00,2025-08-28 00:00:00,ETH
4503.24929143207,4608.788768340618,4458.948743671207,4510.373554966164,788984724375.1724,2025-08-28 00:00:00,2025-08-29 00:00:00,ETH
4510.743657697646,4510.743657697646,4279.958551412731,4355.937759629875,782880444100.1713,2025-08-29 00:00:00,2025-08-30 00:00:00,ETH
4359.242872747144,4405.514986473105,4280.510892223094,4358.346276011651,720283561066.388,2025-08-30 00:00:00,2025-08-31 00:00:00,ETH
4373.360357620914,4487.412108882138,4373.360357620914,4437.747885228588,471486384674.67914,2025-08-31 00:00:00,2025-09-01 00:00:00,ETH
4388.931464519364,4476.476296546988,4241.805589932651,4285.513499041529,624208540694.9805,2025-09-01 00:00:00,2025-09-02 00:00:00,ETH
4314.33684565863,4405.51496980963,4274.517146643319,4327.274249228913,763755153724.2769,2025-09-02 00:00:00,2025-09-03 00:00:00,ETH
4325.856306225941,4482.357700797971,4306.388722785641,4470.542882578564,764048064837.0105,2025-09-03 00:00:00,2025-09-04 00:00:00,ETH
4451.0636436771065,4468.186233261665,4275.769638294805,4345.2362298073795,733386204126.3816,2025-09-04 00:00:00,2025-09-05 00:00:00,ETH
4298.094660544595,4465.500324291025,4273.145826961314,4313.626874707965,806592260371.7959,2025-09-05 00:00:00,2025-09-06 00:00:00,ETH
4306.9385585791215,4322.553600075343,4256.038324531825,4277.460966535968,638104880980.747,2025-09-06 00:00:00,2025-09-07 00:00:00,ETH
4273.110024157841,4313.63548273977,4273.110024157841,4313.63548273977,349774110707.9055,2025-09-07 00:00:00,2025-09-08 00:00:00,ETH
4305.712109548157,4367.54908206563,4289.553621519912,4310.315413835551,492455197680.2243,2025-09-08 00:00:00,2025-09-09 00:00:00,ETH
4309.685702772004,4370.902388226368,4286.163927961327,4316.53872872685,697633142897.0383,2025-09-09 00:00:00,2025-09-10 00:00:00,ETH
4311.8584294636485,4415.422957361011,4286.931500673287,4347.328637138352,701738452043.2723,2025-09-10 00:00:00,2025-09-11 00:00:00,ETH
4347.482124114109,4459.15548633424,4347.482124114109,4459.15548633424,846187069620.9893,2025-09-11 00:00:00,2025-09-12 00:00:00,ETH
4459.31901599882,4703.275009608163,4459.31901599882,4703.275009608163,843101607078.6414,2025-09-12 00:00:00,2025-09-13 00:00:00,ETH
4708.841744149995,4762.7359405153,4620.425114162406,4660.7909806879115,896419659032.423,2025-09-13 00:00:00,2025-09-14 00:00:00,ETH
4669.028586485019,4686.666478079155,4582.534478690314,4630.113468968738,613867749153.6538,2025-09-14 00:00:00,2025-09-15 00:00:00,ETH
4606.740088999127,4659.525423635756,4492.196960821642,4515.331765053863,740105794699.4098,2025-09-15 00:00:00,2025-09-16 00:00:00,ETH
4522.7579691582605,4531.050144341452,4445.600869317445,4523.605591930226,709636070840.7306,2025-09-16 00:00:00,2025-09-17 00:00:00,ETH
4503.398838715683,4599.310397067619,4461.541858527294,4599.310397067619,759011235750.2057,2025-09-17 00:00:00,2025-09-18 00:00:00,ETH
4591.768794331328,4628.905424766412,4574.624208235424,4588.618925606986,994197315318.7792,2025-09-18 00:00:00,2025-09-19 00:00:00,ETH
4590.6367372135155,4610.457093522816,4443.551143115653,4470.27195537534,663967053688.454,2025-09-19 00:00:00,2025-09-20 00:00:00,ETH
4470.102748926164,4502.678815314789,4465.428051883671,4495.622713402836,517532934951.53674,2025-09-20 00:00:00,2025-09-21 00:00:00,ETH
4481.484588389632,4497.460342186307,4460.503918120189,4466.894974143133,355318343412.3867,2025-09-21 00:00:00,2025-09-22 00:00:00,ETH
4445.964686087343,4445.964686087343,4141.638736448096,4190.575982902745,945081074267.965,2025-09-22 00:00:00,2025-09-23 00:00:00,ETH
4199.951774017639,4210.182201384079,4150.023526525174,4179.40463212319,859459831446.954,2025-09-23 00:00:00,2025-09-24 00:00:00,ETH
4164.826037505126,4199.545021667644,4141.515671911744,4155.695621811463,719743790414.4899,2025-09-24 00:00:00,2025-09-25 00:00:00,ETH
4152.852648081888,4152.852648081888,3846.41458187234,3895.925502812583,1054299779082.665,2025-09-25 00:00:00,2025-09-26 00:00:00,ETH
3863.0632875907245,4045.88183705957,3863.0632875907245,4028.01275228736,1334871848361.6814,2025-09-26 00:00:00,2025-09-27 00:00:00,ETH
4037.0979210260916,4037.0979210260916,3987.7332584265587,4024.043252526493,723905304261.3925,2025-09-27 00:00:00,2025-09-28 00:00:00,ETH
4018.704458176895,4133.729865032857,3981.1677975594507,4133.729865032857,397053410439.46893,2025-09-28 00:00:00,2025-09-29 00:00:00,ETH
4141.839664086501,4226.026708558828,4098.169624620614,4221.175571869951,694401988299.2144,2025-09-29 00:00:00,2025-09-30 00:00:00,ETH
4215.61278947927,4215.61278947927,4095.6424493686645,4139.665295683352,832092535078.1774,2025-09-30 00:00:00,2025-10-01 00:00:00,ETH
4144.230463371581,4336.167965159675,4131.46669900828,4314.950614769224,921699718825.0754,2025-10-01 00:00:00,2025-10-02 00:00:00,ETH
4343.951983440489,4493.9863117281575,4337.25592446607,4463.221502926219,1050575612201.621,2025-10-02 00:00:00,2025-10-03 00:00:00,ETH
4484.180377056455,4545.929204224453,4459.21703866304,4529.309578274553,1042407214685.34,2025-10-03 00:00:00,2025-10-04 00:00:00,ETH
4514.148616548543,4514.148616548543,4452.567767221704,4491.457627059921,854030699965.8943,2025-10-04 00:00:00,2025-10-05 00:00:00,ETH
4488.802917459776,4607.969782593065,4472.29003748035,4510.190225212235,797310678197.7261,2025-10-05 00:00:00,2025-10-06 00:00:00,ETH
4515.321391965295,4713.993653656764,4499.431159893875,4701.147670113392,857804676279.2424,2025-10-06 00:00:00,2025-10-07 00:00:00,ETH
4689.131734746596,4747.83407146624,4466.664868028584,4497.548862870083,1041762384939.5936,2025-10-07 00:00:00,2025-10-08 00:00:00,ETH
4454.32846286666,4534.9279643134005,4436.439551734817,4525.789322324927,1127858507817.8208,2025-10-08 00:00:00,2025-10-09 00:00:00,ETH
4527.578004547945,4527.578004547945,4296.8850153589065,4378.403865674114,950225207866.0491,2025-10-09 00:00:00,2025-10-10 00:00:00,ETH
4368.649439385323,4382.384089866052,3860.102109352456,3860.102109352456,1070070884381.7228,2025-10-10 00:00:00,2025-10-11 00:00:00,ETH
3835.632842050135,3846.7498470233063,3686.890388529586,3745.647880232611,2358481787650.208,2025-10-11 00:00:00,2025-10-12 00:00:00,ETH
3747.4570446607986,4145.70239165234,3707.796807012917,4142.436960207105,1178970721377.4617,2025-10-12 00:00:00,2025-10-13 00:00:00,ETH
4159.729307791921,4277.170790446836,4077.718391650613,4277.170790446836,1321371176349.3267,2025-10-13 00:00:00,2025-10-14 00:00:00,ETH
4246.217461554773,4246.217461554773,3938.619518687702,4116.447513188946,1279603326631.1265,2025-10-14 00:00:00,2025-10-15 00:00:00,ETH
4128.888447033946,4183.067358767381,3944.696599904769,3964.5471528752464,1318539598930.1287,2025-10-15 00:00:00,2025-10-16 00:00:00,ETH
3983.1544356894233,4062.404275714838,3854.986417213071,3874.58955710794,1028339341365.4282,2025-10-16 00:00:00,2025-10-17 00:00:00,ETH
3893.756037568491,3933.5410692395626,3709.058658564977,3855.30427100543,1235203159055.129,2025-10-17 00:00:00,2025-10-18 00:00:00,ETH
3831.244175835675,3900.9945214569757,3831.244175835675,3886.8289080379127,895525746349.698,2025-10-18 00:00:00,2025-10-19 00:00:00,ETH
3889.4990302043157,4022.83118920832,3870.1289630148144,4022.83118920832,545548486492.9582,2025-10-19 00:00:00,2025-10-20 00:00:00,ETH
3982.3558612703027,4080.74814195923,3936.8916843760057,3988.5967175390315,809576047987.284,2025-10-20 00:00:00,2025-10-21 00:00:00,ETH
3980.07327974389,4072.25586953917,3852.62212799983,3901.290033893042,874753850432.7043,2025-10-21 00:00:00,2025-10-22 00:00:00,ETH
3877.4871979550117,3879.977991172089,3749.978541057299,3749.978541057299,1089636794875.2842,2025-10-22 00:00:00,2025-10-23 00:00:00,ETH
3805.881864350947,3926.6624331165626,3805.881864350947,3852.0658762709945,913692133032.0155,2025-10-23 00:00:00,2025-10-24 00:00:00,ETH
3855.8421162401205,3981.9453794317556,3855.8421162401205,3932.7869419419603,784222848601.0992,2025-10-24 00:00:00,2025-10-25 00:00:00,ETH
3933.232269901015,3964.1229098715958,3916.948606421804,3964.1229098715958,514672607073.1978,2025-10-25 00:00:00,2025-10-26 00:00:00,ETH
3954.0041199084208,4164.681493766204,3930.1070671161,4164.681493766204,385750731688.395,2025-10-26 00:00:00,2025-10-27 00:00:00,ETH
4161.590896249249,4232.019240027213,4116.3675585614255,4116.3675585614255,819155375077.484,2025-10-27 00:00:00,2025-10-28 00:00:00,ETH
4123.206220671679,4154.123019894714,3980.9918251171143,3995.6621517984677,775486060355.467,2025-10-28 00:00:00,2025-10-29 00:00:00,ETH
3982.3127893175442,4027.1828925514474,3973.6578078075363,4018.3872618290557,349838795686.2158,2025-10-29 00:00:00,,ETH
3.1603962158442886,3.1730479305211925,3.0358266735981423,3.0358266735981423,81363873056.9171,2025-07-31 00:00:00,2025-08-01 00:00:00,XRP
3.020435195708263,3.045384519635547,2.9230996625260466,2.9233456495243986,190682322335.45508,2025-08-01 00:00:00,2025-08-02 00:00:00,XRP
2.964523009036104,3.0147558371813705,2.7695898208993954,2.802938285119359,165754346197.19254,2025-08-02 00:00:00,2025-08-03 00:00:00,XRP
2.7793648596376164,2.944913740064499,2.7793648596376164,2.944913740064499,169798267502.2091,2025-08-03 00:00:00,2025-08-04 00:00:00,XRP
2.9453312903679385,3.081213377730507,2.9453312903679385,3.081213377730507,126539142578.30273,2025-08-04 00:00:00,2025-08-05 00:00:00,XRP
3.0727905982283095,3.089059636721105,2.9261655814123673,2.9601583005896646,122651184918.73943,2025-08-05 00:00:00,2025-08-06 00:00:00,XRP
2.962593257950056,3.0088055177774087,2.9134043801184055,2.9979559862102527,116443071788.48216,2025-08-06 00:00:00,2025-08-07 00:00:00,XRP
2.992045726720115,3.3067734191319587,2.9709526095247965,3.3067734191319587,105527870332.05914,2025-08-07 00:00:00,2025-08-08 00:00:00,XRP
3.3160522104113537,3.3626031211969796,3.222741608402114,3.291231803390248,241209651108.4325,2025-08-08 00:00:00,2025-08-09 00:00:00,XRP
3.2864099451794653,3.338855044021481,3.2270779556759965,3.2270779556759965,145292824496.85617,2025-08-09 00:00:00,2025-08-10 00:00:00,XRP
3.228782165827109,3.270728979896381,3.1705963219838864,3.183401608831192,120094650329.05643,2025-08-10 00:00:00,2025-08-11 00:00:00,XRP
3.1861250802346888,3.310314303245687,3.128432099850937,3.1400604453326824,143125383010.00278,2025-08-11 00:00:00,2025-08-12 00:00:00,XRP
3.132723694159237,3.2814770135583604,3.1243506485961605,3.2710161569194436,191955826883.22348,2025-08-12 00:00:00,2025-08-13 00:00:00,XRP
3.2614079529795235,3.2908291721901897,3.215289612057955,3.2778086254240777,203188866780.75525,2025-08-13 00:00:00,2025-08-14 00:00:00,XRP
3.279695316716936,3.3400667648781397,3.0603062853727327,3.0820730365725466,252124364647.13843,2025-08-14 00:00:00,2025-08-15 00:00:00,XRP
3.085974595993954,3.129180687968385,3.0331740556044866,3.0981535122821406,220350071202.451,2025-08-15 00:00:00,2025-08-16 00:00:00,XRP
3.077994496413232,3.138896097851856,3.077994496413232,3.107048682148378,141607932184.85666,2025-08-16 00:00:00,2025-08-17 00:00:00,XRP
3.1071822177457036,3.1353717447405445,3.096366332606467,3.111156763735718,84934221536.62054,2025-08-17 00:00:00,2025-08-18 00:00:00,XRP
3.093706595371064,3.093706595371064,2.9644625900016632,3.0729126742643746,142143983034.4254,2025-08-18 00:00:00,2025-08-19 00:00:00,XRP
3.0632481501001867,3.064692125493376,2.8928527810909945,2.8928527810909945,156083255408.65607,2025-08-19 00:00:00,2025-08-20 00:00:00,XRP
2.8587967541266495,2.9718366956842726,2.8449349747666735,2.969895131715341,165789800282.21518,2025-08-20 00:00:00,2025-08-21 00:00:00,XRP
2.9519099360463503,2.9519099360463503,2.8676168828853648,2.8722890877492717,133256555667.68878,2025-08-21 00:00:00,2025-08-22 00:00:00,XRP
2.8498230079250755,3.088263805822388,2.809527874846557,3.0810554014969576,145205220053.22348,2025-08-22 00:00:00,2025-08-23 00:00:00,XRP
3.0732747821154365,3.0732747821154365,2.9912652074381962,3.0435107724375783,199820926812.64288,2025-08-23 00:00:00,2025-08-24 00:00:00,XRP
3.0458254666203546,3.106349617690455,3.007550358891701,3.0330923957907583,92687094051.73077,2025-08-24 00:00:00,2025-08-25 00:00:00,XRP
3.0246639375516806,3.0429933592451093,2.8453944138383345,2.8635472161325124,157884431928.68616,2025-08-25 00:00:00,2025-08-26 00:00:00,XRP
2.862667277824852,3.050298214821712,2.859716722267589,3.0126624535945052,160475854023.6105,2025-08-26 00:00:00,2025-08-27 00:00:00,XRP
3.011834539503525,3.0327048583135383,2.9836562048801443,2.9836562048801443,151850833496.35034,2025-08-27 00:00:00,2025-08-28 00:00:00,XRP
2.9671217194399038,3.0234103255474283,2.951525336236561,2.9675887294113106,151373528520.25055,2025-08-28 00:00:00,2025-08-29 00:00:00,XRP
2.965716112011266,2.965716112011266,2.790618457673305,2.8057805553336803,156268987270.37463,2025-08-29 00:00:00,2025-08-30 00:00:00,XRP
2.823231531748928,2.8318061126468868,2.7842518272098826,2.809042309501687,145965161720.58807,2025-08-30 00:00:00,2025-08-31 00:00:00,XRP
2.8166293700860887,2.862245656166815,2.8013906926585856,2.8013906926585856,75861269179.54755,2025-08-31 00:00:00,2025-09-01 00:00:00,XRP
2.776712609891609,2.8184187861968684,2.718617068588048,2.7458815448295226,143421304230.36008,2025-09-01 00:00:00,2025-09-02 00:00:00,XRP
2.7550273031162793,2.8504051706289184,2.7550273031162793,2.8504051706289184,174964604132.6832,2025-09-02 00:00:00,2025-09-03 00:00:00,XRP
2.861352340590463,2.8742624055234014,2.8173482928986306,2.8434941824008884,153777593376.4883,2025-09-03 00:00:00,2025-09-04 00:00:00,XRP
2.844747699582196,2.8550333434131243,2.7893704800320824,2.818768186053044,102701625663.48625,2025-09-04 00:00:00,2025-09-05 00:00:00,XRP
2.795728183174699,2.880813992223964,2.783241334750151,2.8195485579256365,128466942674.6493,2025-09-05 00:00:00,2025-09-06 00:00:00,XRP
2.8161535364878607,2.8269665497729783,2.7944599962508545,2.8057701742324084,108646778469.7965,2025-09-06 00:00:00,2025-09-07 00:00:00,XRP
2.810946259612996,2.897800984249399,2.810946259612996,2.8771210470190915,52805567889.81024,2025-09-07 00:00:00,2025-09-08 00:00:00,XRP
2.877140734670126,2.9860430251362224,2.871507000361893,2.97579981552385,122364505946.96706,2025-09-08 00:00:00,2025-09-09 00:00:00,XRP
2.9693752178894965,3.022182985466211,2.937146720072272,2.949302683303907,148418333703.02652,2025-09-09 00:00:00,2025-09-10 00:00:00,XRP
2.9471108577338887,3.0115567395239293,2.9411518915058164,2.9796885669106454,114275360119.84361,2025-09-10 00:00:00,2025-09-11 00:00:00,XRP
2.9831038118113136,3.0277998571045766,2.9831038118113136,3.0277998571045766,110775460988.05402,2025-09-11 00:00:00,2025-09-12 00:00:00,XRP
3.042189592870322,3.124190272110963,3.0316590708193423,3.1130861054559698,138078390139.8736,2025-09-12 00:00:00,2025-09-13 00:00:00,XRP
3.1075619727179338,3.1772323017390094,3.0986685196133577,3.12112104399503,139881675159.60358,2025-09-13 00:00:00,2025-09-14 00:00:00,XRP
3.1214184511096983,3.1229348793588625,3.015191392607987,3.0517682516816107,119364907039.44975,2025-09-14 00:00:00,2025-09-15 00:00:00,XRP
3.0299286982331193,3.065193696683322,2.9621194750748994,2.9909563489628628,130276325958.92442,2025-09-15 00:00:00,2025-09-16 00:00:00,XRP
2.9964813590357604,3.054439135802766,2.977420546452202,3.0505412662354265,123790619746.62527,2025-09-16 00:00:00,2025-09-17 00:00:00,XRP
3.0379789729451816,3.0908959996859107,2.9957710455216464,3.0908959996859107,108963627898.7515,2025-09-17 00:00:00,2025-09-18 00:00:00,XRP
3.083983468328553,3.1348920263053586,3.0714776291946677,3.0742632937563172,173675866198.72055,2025-09-18 00:00:00,2025-09-19 00:00:00,XRP
3.0758973086582895,3.083527873714656,2.9897519414008467,2.9950422423535223,134754637468.30699,2025-09-19 00:00:00,2025-09-20 00:00:00,XRP
2.990897900740012,3.0082832034724203,2.975636493308759,2.983286093232563,89966654491.58514,2025-09-20 00:00:00,2025-09-21 00:00:00,XRP
2.9789727023626758,3.0078033877177406,2.966062114358028,2.992660085807927,74642527699.9835,2025-09-21 00:00:00,2025-09-22 00:00:00,XRP
2.971498698499136,2.971498698499136,2.8069239846538108,2.8470949579832725,164041981055.87027,2025-09-22 00:00:00,2025-09-23 00:00:00,XRP
2.851139194678168,2.8894297317347117,2.814240032441423,2.836549088396772,156660077519.0173,2025-09-23 00:00:00,2025-09-24 00:00:00,XRP
2.8290556379505225,2.9821958126062302,2.8143820728665707,2.942442998567922,128810143318.72253,2025-09-24 00:00:00,2025-09-25 00:00:00,XRP
2.9278803930811144,2.9278803930811144,2.7471146189365236,2.755605471157481,174800952486.67303,2025-09-25 00:00:00,2025-09-26 00:00:00,XRP
2.7391226387021668,2.804341292580986,2.7080527204420974,2.7845461896627617,210771634506.66315,2025-09-26 00:00:00,2025-09-27 00:00:00,XRP
2.78626651562758,2.8231002882205676,2.7729897546550544,2.8231002882205676,125239567133.00673,2025-09-27 00:00:00,2025-09-28 00:00:00,XRP
2.8060952172429454,2.8597942244694696,2.7720700161186116,2.8597942244694696,68642615823.96476,2025-09-28 00:00:00,2025-09-29 00:00:00,XRP
2.864956739306865,2.911919440275713,2.8507731847534887,2.8894341915933928,96450060339.52013,2025-09-29 00:00:00,2025-09-30 00:00:00,XRP
2.8820677870561946,2.9019174624925834,2.8247487546616554,2.8455510259441548,115095456286.70651,2025-09-30 00:00:00,2025-10-01 00:00:00,XRP
2.8461126408803876,2.957364775162946,2.8184070572022257,2.9317601781753084,135618578034.12546,2025-10-01 00:00:00,2025-10-02 00:00:00,XRP
2.94479751207665,3.0937380033357362,2.9444156781809916,3.036917219026823,146658132069.69702,2025-10-02 00:00:00,2025-10-03 00:00:00,XRP
3.0371524340279654,3.0781512709752525,3.0098403980388446,3.0493408534596607,174044483329.26013,2025-10-03 00:00:00,2025-10-04 00:00:00,XRP
3.0420483759329757,3.0438245321350137,2.943691820777977,2.971030591620178,131355909284.24605,2025-10-04 00:00:00,2025-10-05 00:00:00,XRP
2.9693592464231773,3.0638625830748554,2.9538628847425668,2.9664216973242152,110723424536.69608,2025-10-05 00:00:00,2025-10-06 00:00:00,XRP
2.970720012302302,3.0450500732368537,2.960630728911073,2.999507719640694,127343435571.37744,2025-10-06 00:00:00,2025-10-07 00:00:00,XRP
2.991602626695257,2.9949338881331236,2.8634309898416106,2.8677915554158746,156719667262.7878,2025-10-07 00:00:00,2025-10-08 00:00:00,XRP
2.857057632365177,2.92105840901585,2.8491139122399103,2.8984506050563272,150974346910.73712,2025-10-08 00:00:00,2025-10-09 00:00:00,XRP
2.8805684212620997,2.8805684212620997,2.783410411303386,2.813738740752755,115874280547.46886,2025-10-09 00:00:00,2025-10-10 00:00:00,XRP
2.804023342938806,2.8266501477125963,2.3369064037493934,2.3369064037493934,140490250092.82867,2025-10-10 00:00:00,2025-10-11 00:00:00,XRP
2.3700592846898307,2.4864371461555663,2.3548819498574995,2.3987534505424426,420530994945.51404,2025-10-11 00:00:00,2025-10-12 00:00:00,XRP
2.383913598572311,2.572812081392606,2.323690147149236,2.534741970801524,207173452417.90027,2025-10-12 00:00:00,2025-10-13 00:00:00,XRP
2.5312630934147733,2.641860354019502,2.5312630934147733,2.612679353553295,233051321305.88174,2025-10-13 00:00:00,2025-10-14 00:00:00,XRP
2.60498951616126,2.605718537513071,2.4263532556398815,2.4967417302858257,188805023954.4749,2025-10-14 00:00:00,2025-10-15 00:00:00,XRP
2.5061812994119887,2.520326430541035,2.3964526982269914,2.405261908032709,145596091278.32806,2025-10-15 00:00:00,2025-10-16 00:00:00,XRP
2.4107851679488945,2.459273068906556,2.296645513175031,2.307274912354699,132106609471.1483,2025-10-16 00:00:00,2025-10-17 00:00:00,XRP
2.327078891793293,2.3607568269545505,2.213649640618914,2.3163218217995607,182666098755.382,2025-10-17 00:00:00,2025-10-18 00:00:00,XRP
2.2957327819062083,2.3779554742067193,2.2957327819062083,2.3598569362847606,113432293532.2399,2025-10-18 00:00:00,2025-10-19 00:00:00,XRP
2.3596315316088416,2.4098272043022395,2.333463494252547,2.4034189367813816,61015622740.15266,2025-10-19 00:00:00,2025-10-20 00:00:00,XRP
2.3903460185450642,2.533592927682895,2.3726885191124185,2.5008475873885945,85238826489.61456,2025-10-20 00:00:00,2025-10-21 00:00:00,XRP
2.494574251694319,2.5217514072565588,2.409026546249144,2.443329019968189,105668377672.18895,2025-10-21 00:00:00,2025-10-22 00:00:00,XRP
2.4235930180546776,2.4363105362202653,2.338580514667147,2.338580514667147,108536175697.3142,2025-10-22 00:00:00,2025-10-23 00:00:00,XRP
2.3637245370123927,2.421638237104194,2.3637245370123927,2.39603245970472,87297934187.04332,2025-10-23 00:00:00,2025-10-24 00:00:00,XRP
2.3942046738111324,2.51079219492705,2.392720374368063,2.51079219492705,80173046199.76738,2025-10-24 00:00:00,2025-10-25 00:00:00,XRP
2.508279461558719,2.6409028930555754,2.508279461558719,2.600243505805044,95333771685.37935,2025-10-25 00:00:00,2025-10-26 00:00:00,XRP
2.5952603071088585,2.6530367220706297,2.5952603071088585,2.6530367220706297,76105932632.06953,2025-10-26 00:00:00,2025-10-27 00:00:00,XRP
2.645881508384711,2.689504285365585,2.612622660101375,2.637370203146238,97234529714.80188,2025-10-27 00:00:00,2025-10-28 00:00:00,XRP
2.6352743169545323,2.6696439364323807,2.597648506778017,2.6119998203093835,108251684799.0125,2025-10-28 00:00:00,2025-10-29 00:00:00,XRP
2.607884184498703,2.632844580139986,2.607884184498703,2.6309120061632796,51929189448.66379,2025-10-29 00:00:00,,XRP
